Postal,Latitude,Longitude,Project,Street,PercentageSold,NumUnitsLaunchedToDate,NumUnitsSoldToDate,District
454785,1.3094282152968402,103.922016118855,CAYMAN RESIDENCES,EAST COAST AVENUE,47.37,19,9,15
465466,1.32489040193077,103.944841446726,GRANDEUR PARK RESIDENCES,BEDOK SOUTH AVENUE 3,97.08,720,699,16
533752,1.3672144687456,103.886695353899,THE FLORENCE RESIDENCES,HOUGANG AVENUE 2,38.5,200,77,19
129961,1.30667624811571,103.768536922932,THE CLEMENT CANOPY,CLEMENTI AVENUE 1,100.0,505,505,5
398636,1.31156422500947,103.883576001591,REZI 24,LORONG 24 GEYLANG,3.64,110,4,14
448873,1.3074128972961598,103.926676412664,SEASIDE RESIDENCES,SIGLAP LINK,87.75,841,738,15
158736,1.29012765494823,103.81655234786899,ARTRA,ALEXANDRA VIEW,79.5,400,318,3
237964,1.29327832151344,103.83736905504999,MARTIN MODERN,MARTIN PLACE,91.59,345,316,9
544773,1.35595266721864,103.879106731641,HILLSGROVE,HILLSIDE DRIVE,41.67,12,5,19
189350,1.29916295967819,103.857859536947,DUO RESIDENCES,FRASER STREET,99.55,660,657,7
544617,1.39822841732376,103.891999593966,TREASURE CREST,ANCHORVALE CRESCENT,99.8,504,503,19
387949,1.31572120937621,103.888837131268,REZI 35,LORONG 35 GEYLANG,100.0,44,44,14
429781,1.31315720102799,103.89780367183799,CARPMAEL THIRTY-EIGHT,CARPMAEL ROAD,68.75,16,11,15
249185,1.29566658592682,103.82885975081,M5,JALAN MUTIARA,33.33,33,11,10
756971,1.45618292104071,103.836760072833,KANDIS RESIDENCE,KANDIS LINK,83.61,61,51,27
756988,1.4426300763578899,103.81941659844,PARC LIFE,SEMBAWANG CRESCENT,100.0,628,628,27
239669,1.29534157993432,103.83984438568301,ASPEN LINQ,INSTITUTION HILL,94.44,18,17,9
437324,1.3120516248046799,103.89322363322201,SANDY EIGHT,SANDY LANE,70.0,20,14,15
329832,1.32657360790911,103.848359893837,ASCENT @ 456,BALESTIER ROAD,96.43,28,27,12
358474,1.3315446802070101,103.866996465418,THE POIZ RESIDENCES,MEYAPPA CHETTIAR ROAD,99.45,731,727,13
574429,1.35096063593166,103.835503542512,183 LONGHAUS,UPPER THOMSON ROAD,97.5,40,39,20
428776,1.30539241248222,103.903484200601,THE RED HOUSE,EAST COAST ROAD,57.14,35,20,15
533942,1.34699612598768,103.882364626022,URBAN VILLAS,PAYA LEBAR CRESCENT,71.43,7,5,19
126756,1.3196876800603798,103.752699363733,TWIN VEW,WEST COAST VALE,87.5,520,455,5
329341,1.3273664689351798,103.851568376064,NEEM TREE,JALAN KEMAMAN,86.11,72,62,12
797394,1.39799319572826,103.875269758363,PARC BOTANNIA,FERNVALE STREET,72.79,735,535,28
419530,1.32780887766584,103.906399584482,THE NAVIAN,JALAN EUNOS,89.58,48,43,14
657978,1.35602149294563,103.740697641546,LE QUEST,BUKIT BATOK STREET 41,92.53,415,384,23
528538,1.3554287394292,103.929903616182,THE ALPS RESIDENCES,TAMPINES STREET 86,98.4,626,616,18
409056,1.3167563411548702,103.89307903276101,PARK PLACE RESIDENCES AT PLQ,PAYA LEBAR ROAD,97.9,429,420,14
737703,1.4437374355444499,103.810309503009,NORTHWAVE,WOODLANDS VIEW,100.0,358,358,25
425783,1.31302431574799,103.91318542248399,KALEIDO,LORONG K TELOK KURAU,35.71,14,5,15
126752,1.31961164929379,103.754330936499,WHISTLER GRAND,WEST COAST VALE,95.33,300,286,5
309079,1.31711023904745,103.83795684474899,35 GILSTEAD,GILSTEAD ROAD,8.57,35,3,11
217701,1.31647752400494,103.85775084992201,1953,TESSENSOHN ROAD,31.03,58,18,12
247657,1.29299859600983,103.823118014859,PETIT JERVOIS,JERVOIS ROAD,100.0,1,1,10
588407,1.33819401611974,103.782134045215,MAYFAIR GARDENS,RIFLE RANGE ROAD,95.0,140,133,21
424353,1.31125968514041,103.90507911406,THE RAMFORD,RAMBAI ROAD,81.25,16,13,15
536496,1.35138575561117,103.87634346565201,FOREST WOODS,LORONG LEW LIAN,97.69,519,507,19
319459,1.3393382098676798,103.851224736347,GEM RESIDENCES,LORONG 5 TOA PAYOH,99.48,578,575,12
437988,1.29824018210279,103.886163635826,ONE MEYER,MEYER PLACE,15.15,66,10,15
408974,1.31827649910386,103.90261961113701,PARC ESTA,SIMS AVENUE,87.82,550,483,14
358461,1.3307568069743898,103.867230643479,THE ADDITION,MEYAPPA CHETTIAR ROAD,73.08,26,19,13
439858,1.29985812336731,103.898478990238,NYON,AMBER ROAD,4.35,92,4,15
804279,1.37972739819928,103.864676372987,BELGRAVIA GREEN,BELGRAVIA DRIVE,81.63,49,40,28
268592,1.32317393945878,103.79508276788,ALIAS VILLAS,JALAN HAJI ALIAS,0.0,6,0,10
309461,1.31627067397227,103.845722112332,FYVE DERBYSHIRE,DERBYSHIRE ROAD,16.67,36,6,11
068814,1.27708340707632,103.849181343548,V ON SHENTON,SHENTON WAY,90.2,500,451,1
NIL,1.31798394169402,103.815269790283,BOTANIC @ CLUNY PARK,CLUNY PARK ROAD,50.0,6,3,10
149457,1.29433666746303,103.807020127351,QUEENS PEAK,DUNDEE ROAD,94.7,736,697,3
804450,1.3798047278010201,103.864127655266,NIM COLLECTION,NIM RISE,72.45,98,71,28
423844,1.31101225037146,103.91104219781602,RESIDENCE TWENTY-TWO,TELOK KURAU ROAD,4.55,22,1,15
679661,1.3727823351997301,103.76955925269002,CASHEW GREEN,CASHEW ROAD,54.55,11,6,23
688215,1.3769578274382601,103.75020070991998,SOL ACRES,CHOA CHU KANG GROVE,100.0,1327,1327,23
779830,1.40345527031332,103.81716606382,THE ESSENCE,CHONG KUO ROAD,7.14,84,6,26
309312,1.316154918304,103.840533848314,10 EVELYN,EVELYN ROAD,7.14,56,4,11
425269,1.31014704779659,103.91112045076,TK ONE,LORONG N TELOK KURAU,0.0,5,0,15
554335,1.36579434950751,103.87450387523,AFFINITY AT SERANGOON,SERANGOON NORTH AVENUE 1,74.0,650,481,19
466522,1.31506384580924,103.94314173038201,SEA PAVILION RESIDENCES,UPPER EAST COAST ROAD,100.0,24,24,16
533842,1.37220805247662,103.90025739134501,RIVERFRONT RESIDENCES,HOUGANG AVENUE 7,78.17,1200,938,19
199597,1.30231590504577,103.86233166103399,CITY GATE,BEACH ROAD,100.0,311,311,7
398366,1.3119808352828501,103.886532676904,33 RESIDENCES,LORONG 30 GEYLANG,100.0,27,27,14
328105,1.3247872620768202,103.846354106513,12 ON SHAN,SHAN ROAD,0.0,30,0,12
NIL,1.40352260909138,103.81377231305099,LANDED HOUSING DEVELOPMENT,MENG SUAN ROAD,44.44,9,4,26
804526,1.38909481421222,103.855457964932,ALANA,SUNRISE TERRACE,88.46,26,23,28
NIL,1.28679715459693,103.784658343144,KENT RIDGE HILL RESIDENCES,SOUTH BUONA VISTA ROAD,60.8,250,152,5
554348,1.36598986764595,103.87073580741301,THE GARDEN RESIDENCES,SERANGOON NORTH VIEW,78.85,156,123,19
249380,1.30106116599644,103.825496966252,ONE TREE HILL COLLECTION,JALAN ARNAP,75.0,4,3,10
506765,1.3573936395466202,103.96596914554199,THE JOVELL,FLORA DRIVE,26.8,250,67,17
279353,1.32202720700895,103.78682746009399,LINK RESIDENCE @ HOLLAND,GREENLEAF ROAD,0.0,2,0,10
238385,1.29653566001894,103.83517945905001,RV ALTITUDE,RIVER VALLEY ROAD,33.33,63,21,9
596134,1.33936076031624,103.770299867501,DAINTREE RESIDENCE,TOH TUCK ROAD,58.75,80,47,21
NIL,1.3301031379017398,103.796830764171,FOURTH AVENUE RESIDENCES,FOURTH AVENUE,46.43,168,78,10
528457,1.34425932289797,103.949073592994,TREASURE AT TAMPINES,TAMPINES LANE,58.98,490,289,18
178884,1.2929881833109198,103.85104659785499,EDEN RESIDENCES CAPITOL,STAMFORD ROAD,41.03,39,16,6
239219,1.29930788596275,103.832399949956,FERRA,LEONIE HILL,0.0,33,0,9
399915,1.3096768582348701,103.880642764235,ARENA RESIDENCES,GUILLEMARD CRESCENT,71.43,70,50,14
387946,1.31547407018064,103.888827552085,SIXTEEN35 RESIDENCES,LORONG 35 GEYLANG,100.0,60,60,14
757529,1.46159897669945,103.839537620712,WATERCOVE,WAK HASSAN DRIVE,94.59,74,70,27
544594,1.3935168810724199,103.88364325964899,RIVERCOVE RESIDENCES,ANCHORVALE LANE,98.73,628,620,19
249600,1.29997909930356,103.82552281449199,120 GRANGE,GRANGE ROAD,90.0,50,45,10
328231,1.3262687072764698,103.86614267361401,JUI RESIDENCES,SERANGOON ROAD,42.74,117,50,12
259385,1.3100846071438799,103.83071567633301,ONE DRAYCOTT,DRAYCOTT PARK,4.69,64,3,10
118584,1.27907327646797,103.78493242829398,HARBOUR VIEW GARDENS,PASIR PANJANG ROAD,98.25,57,56,5
249078,1.2940944649806598,103.82271555485201,38 JERVOIS,JERVOIS ROAD,37.04,27,10,10
528512,1.35339102396781,103.929017486717,THE TAPESTRY,TAMPINES STREET 86,87.43,700,612,18
018979,1.2772242561628702,103.853694940241,MARINA ONE RESIDENCES,MARINA WAY,85.39,671,573,1
439886,1.30234997893114,103.90126790076799,AMBER 45,AMBER ROAD,82.5,120,99,15
575749,1.3518148538389998,103.838298222332,JADESCAPE,SHUNFU ROAD,80.21,480,385,20
278569,1.3121352205859398,103.79901103753099,THE ENCLAVE . HOLLAND,HOLLAND ROAD,100.0,10,10,10
248655,1.3049543207656398,103.827627471264,BOULEVARD 88,ORCHARD BOULEVARD,74.29,35,26,10
118617,1.2824208327018898,103.783142732009,SEASUITES,PASIR PANJANG ROAD,96.15,52,50,5
338986,1.3071047418165802,103.867087818477,KALLANG RIVERSIDE,KAMPONG BUGIS,93.87,212,199,12
148962,1.29114950641847,103.80457361051701,STIRLING RESIDENCES,STIRLING ROAD,87.94,680,598,3
358399,1.33649233871609,103.865628864789,THE TRE VER,POTONG PASIR AVENUE 1,97.33,450,438,13
249690,1.3039333193071,103.82938816157801,3 CUSCADEN,CUSCADEN WALK,36.46,96,35,10
278805,1.31585312169371,103.78287202099101,PARKSUITES,HOLLAND GROVE ROAD,34.0,50,17,10
506930,1.37785629605719,103.95708961997299,CASA AL MARE,JALAN LOYANG BESAR,22.45,49,11,17
678155,1.3738359173589798,103.763124764765,BUKIT 828,UPPER BUKIT TIMAH ROAD,52.94,17,9,23
229160,1.3030109404897199,103.838718322482,8 HULLET,HULLET ROAD,79.55,44,35,9
NIL,1.3583316178751799,103.760010714342,MONT BOTANIK RESIDENCE,JALAN REMAJA,11.11,54,6,23
149312,1.2995172080842101,103.802806930224,MARGARET VILLE,MARGARET DRIVE,85.11,188,160,3
119554,1.27685386379361,103.79174217178499,BIJOU,JALAN MAT JAMBOL,65.83,120,79,5
367801,1.3391415935071,103.87227624503001,THE WOODLEIGH RESIDENCES,BIDADARI PARK DRIVE,54.0,50,27,13
398628,1.3120699913603702,103.883562422294,THE OCTET,LORONG 24 GEYLANG,98.21,56,55,14
357658,1.3382315968815,103.869540683996,PARK COLONIAL,WOODLEIGH LANE,72.05,805,580,13
